{"num":19,"data":{"你":1,"好":2,"log":3,"4":4,"j":5," ":6,"hi":7,"code":8,"天":9,"气":10,"萨":0.17739151418209076,"法":0.71797633171081543,"发":-0.08795512467622757,"多":2.87343168258667,"少":-2.1510319709777832,"水":-0.22968824207782745,"电":1.0302137136459351,"费":-0.5364372730255127,"1":-1.1756585836410522}}