{"num":32,"data":{"你":1,"好":2,"log":3,"4":4,"j":5," ":6,"hi":7,"code":8,"天":9,"气":10,"萨":0.17739151418209076,"法":0.71797633171081543,"发":-0.08795512467622757,"多":2.87343168258667,"少":-2.1510319709777832,"水":-0.22968824207782745,"电":1.0302137136459351,"费":-0.5364372730255127,"1":-1.1756585836410522,"2":-0.15961682796478271,"3":0.3205992579460144,"第":-0.12356714904308319,"三":-0.62906712293624878,"方":0.782149612903595,"斯":0.78334277868270874,"蒂":0.500540316104889,"芬":-0.31475532054901123,"大":1.4394581317901611,"幅":-1.6930825710296631,"度":0.14829310774803162,"阿":0.32334145903587341,"达":0.75579023361206055}}